{"loss": -0.9584906697273254, "_runtime": 191, "_timestamp": 1642576073, "_step": 50, "gradients/net.5.bias": {"_type": "histogram", "values": [1.0, 0.0, 0.0, 0.0, 0.0, 0.0, 0.0, 0.0, 0.0, 0.0, 0.0, 0.0, 0.0, 0.0, 0.0, 0.0, 0.0, 0.0, 0.0, 0.0, 0.0, 0.0, 0.0, 0.0, 0.0, 0.0, 0.0, 0.0, 0.0, 0.0, 0.0, 0.0, 8.0, 0.0, 0.0, 0.0, 0.0, 0.0, 0.0, 0.0, 0.0, 0.0, 0.0, 0.0, 0.0, 0.0, 0.0, 0.0, 0.0, 0.0, 0.0, 0.0, 0.0, 0.0, 0.0, 0.0, 0.0, 0.0, 0.0, 0.0, 0.0, 0.0, 0.0, 1.0], "bins": [-4.342296149205833e-37, -4.206599338491212e-37, -4.0709025277765915e-37, -3.935205717061971e-37, -3.79950890634735e-37, -3.6638123198404832e-37, -3.5281157333336167e-37, -3.392418922618996e-37, -3.256722111904375e-37, -3.121025301189754e-37, -2.985328490475133e-37, -2.8496319039682666e-37, -2.7139350932536458e-37, -2.578238282539025e-37, -2.4425416960321583e-37, -2.3068448853175375e-37, -2.1711480746029166e-37, -2.0354512638882958e-37, -1.899754453173675e-37, -1.7640578666668083e-37, -1.6283610559521875e-37, -1.4926642452375666e-37, -1.3569675466268229e-37, -1.2212708480160792e-37, -1.0855740373014583e-37, -9.498772265868374e-38, -8.141805279760937e-38, -6.784837733134114e-38, -5.427870186507292e-38, -4.0709026398804687e-38, -2.713935093253646e-38, -1.356967546626823e-38, 0.0, 1.356967546626823e-38, 2.713935093253646e-38, 4.0709026398804687e-38, 5.427870186507292e-38, 6.784837733134114e-38, 8.141805279760937e-38, 9.498772265868374e-38, 1.0855740373014583e-37, 1.2212708480160792e-37, 1.3569675466268229e-37, 1.4926642452375666e-37, 1.6283610559521875e-37, 1.7640578666668083e-37, 1.899754453173675e-37, 2.0354512638882958e-37, 2.1711480746029166e-37, 2.3068448853175375e-37, 2.4425416960321583e-37, 2.578238282539025e-37, 2.7139350932536458e-37, 2.8496319039682666e-37, 2.985328490475133e-37, 3.121025301189754e-37, 3.256722111904375e-37, 3.392418922618996e-37, 3.5281157333336167e-37, 3.6638123198404832e-37, 3.79950890634735e-37, 3.935205717061971e-37, 4.0709025277765915e-37, 4.206599338491212e-37, 4.342296149205833e-37]}, "gradients/net.5.weight": {"_type": "histogram", "values": [1.0, 0.0, 0.0, 0.0, 0.0, 0.0, 0.0, 0.0, 0.0, 0.0, 0.0, 0.0, 1.0, 0.0, 1.0, 2.0, 0.0, 1.0, 1.0, 0.0, 2.0, 0.0, 1.0, 0.0, 2.0, 2.0, 1.0, 0.0, 2.0, 1.0, 5.0, 41.0, 553.0, 5.0, 1.0, 2.0, 0.0, 1.0, 2.0, 2.0, 0.0, 1.0, 0.0, 2.0, 0.0, 1.0, 1.0, 0.0, 2.0, 1.0, 0.0, 1.0, 0.0, 0.0, 0.0, 0.0, 0.0, 0.0, 0.0, 0.0, 0.0, 0.0, 0.0, 1.0], "bins": [-3.7558339389267914e-34, -3.6384640422395515e-34, -3.521094375141052e-34, -3.403724478453812e-34, -3.2863548113553126e-34, -3.1689849146680728e-34, -3.051615017980833e-34, -2.9342453508823334e-34, -2.8168754541950935e-34, -2.6995055575078536e-34, -2.582135890409354e-34, -2.4647659937221143e-34, -2.3473960970348744e-34, -2.230026429936375e-34, -2.112656533249135e-34, -1.9952868661506356e-34, -1.8779169694633957e-34, -1.760547187570526e-34, -1.6431774056776563e-34, -1.5258075089904164e-34, -1.4084377270975468e-34, -1.291067945204677e-34, -1.1736980485174372e-34, -1.0563282666245675e-34, -9.389584847316978e-35, -8.215887028388282e-35, -7.042188635487734e-35, -5.868490242587186e-35, -4.694792423658489e-35, -3.521094317743867e-35, -2.3473962118292446e-35, -1.1736981059146223e-35, 0.0, 1.1736981059146223e-35, 2.3473962118292446e-35, 3.521094317743867e-35, 4.694792423658489e-35, 5.868490242587186e-35, 7.042188635487734e-35, 8.215887028388282e-35, 9.389584847316978e-35, 1.0563282666245675e-34, 1.1736980485174372e-34, 1.291067945204677e-34, 1.4084377270975468e-34, 1.5258075089904164e-34, 1.6431774056776563e-34, 1.760547187570526e-34, 1.8779169694633957e-34, 1.9952868661506356e-34, 2.112656533249135e-34, 2.230026429936375e-34, 2.3473960970348744e-34, 2.4647659937221143e-34, 2.582135890409354e-34, 2.6995055575078536e-34, 2.8168754541950935e-34, 2.9342453508823334e-34, 3.051615017980833e-34, 3.1689849146680728e-34, 3.2863548113553126e-34, 3.403724478453812e-34, 3.521094375141052e-34, 3.6384640422395515e-34, 3.7558339389267914e-34]}, "gradients/net.3.bias": {"_type": "histogram", "values": [1.0, 0.0, 1.0, 0.0, 0.0, 0.0, 0.0, 0.0, 1.0, 0.0, 0.0, 0.0, 0.0, 0.0, 0.0, 0.0, 0.0, 0.0, 0.0, 0.0, 0.0, 0.0, 0.0, 0.0, 0.0, 0.0, 1.0, 0.0, 0.0, 0.0, 0.0, 0.0, 0.0, 0.0, 0.0, 2.0, 0.0, 0.0, 0.0, 0.0, 0.0, 2.0, 35.0, 6.0, 0.0, 0.0, 1.0, 1.0, 0.0, 0.0, 1.0, 0.0, 0.0, 0.0, 1.0, 0.0, 1.0, 5.0, 2.0, 0.0, 1.0, 1.0, 0.0, 1.0], "bins": [-1.9170195264513772e-36, -1.872163446930505e-36, -1.8273073674096327e-36, -1.7824512878887604e-36, -1.7375953877340916e-36, -1.6927393082132193e-36, -1.647883228692347e-36, -1.6030271491714748e-36, -1.5581710696506026e-36, -1.5133149901297303e-36, -1.468458910608858e-36, -1.4236029207710875e-36, -1.3787468412502152e-36, -1.333890761729343e-36, -1.2890347718915724e-36, -1.2441786923707001e-36, -1.1993226128498279e-36, -1.1544665333289556e-36, -1.1096104538080833e-36, -1.0647544639703128e-36, -1.0198983844494405e-36, -9.750423049285682e-37, -9.301863150907977e-37, -8.853302355699254e-37, -8.404741560490532e-37, -7.956180765281809e-37, -7.507620418488595e-37, -7.059060071695381e-37, -6.610499276486658e-37, -6.1619384812779355e-37, -5.713378134484721e-37, -5.264817787691507e-37, -4.816256992482785e-37, -4.367696197274062e-37, -3.919135850480848e-37, -3.4705752794798796e-37, -3.0220147084789112e-37, -2.573454137477943e-37, -2.1248935664769745e-37, -1.6763329954760061e-37, -1.2277724244750377e-37, -7.792118534740694e-38, -3.30651282473101e-38, 1.1790928852786736e-38, 5.664698595288357e-38, 1.015030430529804e-37, 1.4635910015307725e-37, 1.912151572531741e-37, 2.360712143532709e-37, 2.8092727145336776e-37, 3.257833285534646e-37, 3.7063938565356143e-37, 4.154954427536583e-37, 4.603515222745305e-37, 5.052075569538519e-37, 5.5006359163317335e-37, 5.949196711540456e-37, 6.397757506749179e-37, 6.846317853542393e-37, 7.294878200335607e-37, 7.74343899554433e-37, 8.191999790753052e-37, 8.640559689130758e-37, 9.08912048433948e-37, 9.537681279548203e-37]}, "gradients/net.3.weight": {"_type": "histogram", "values": [1.0, 1.0, 1.0, 1.0, 0.0, 0.0, 0.0, 1.0, 1.0, 2.0, 1.0, 5.0, 2.0, 4.0, 2.0, 2.0, 1.0, 5.0, 7.0, 7.0, 8.0, 3.0, 8.0, 9.0, 5.0, 4.0, 10.0, 8.0, 6.0, 5.0, 15.0, 9.0, 6.0, 16.0, 14.0, 13.0, 12.0, 24.0, 38.0, 41.0, 50.0, 70.0, 14636.0, 477.0, 161.0, 101.0, 84.0, 74.0, 73.0, 65.0, 72.0, 60.0, 38.0, 45.0, 26.0, 16.0, 9.0, 13.0, 8.0, 2.0, 3.0, 1.0, 0.0, 2.0], "bins": [-9.919464180711568e-35, -9.687360295665563e-35, -9.455255836647707e-35, -9.223151951601702e-35, -8.991048066555697e-35, -8.758943607537841e-35, -8.526839722491836e-35, -8.294735837445831e-35, -8.062631378427975e-35, -7.83052749338197e-35, -7.598423034364114e-35, -7.366319149318109e-35, -7.134215264272104e-35, -6.902110805254248e-35, -6.670006920208243e-35, -6.437903035162238e-35, -6.205798576144382e-35, -5.973694691098377e-35, -5.741590232080521e-35, -5.509486347034516e-35, -5.277382461988511e-35, -5.045278002970655e-35, -4.81317411792465e-35, -4.581069945892719e-35, -4.3489663478326397e-35, -4.116862175800709e-35, -3.884758290754704e-35, -3.6526541187227737e-35, -3.420549946690843e-35, -3.188446061644838e-35, -2.9563418896129077e-35, -2.724237717580977e-35, -2.4921335455490466e-35, -2.260029517010079e-35, -2.0279253449781484e-35, -1.7958213164391806e-35, -1.56371714440725e-35, -1.3316131158682824e-35, -1.0995090873293146e-35, -8.674049870438655e-36, -6.353007432654536e-36, -4.0319664298000444e-36, -1.71092578567796e-36, 6.101150378103279e-37, 2.9311558612986158e-36, 5.252196864153107e-36, 7.573237149542785e-36, 9.894278152397276e-36, 1.221531772032214e-35, 1.4536358005711818e-35, 1.6857399726031123e-35, 1.91784400114208e-35, 2.1499481731740105e-35, 2.3820522017129783e-35, 2.614156230251946e-35, 2.8462604022838766e-35, 3.0783642873298816e-35, 3.310468459361812e-35, 3.542572344407817e-35, 3.7746765164397476e-35, 4.006780688471678e-35, 4.238884573517683e-35, 4.4709887455496136e-35, 4.703092917581544e-35, 4.935197089613475e-35]}, "gradients/net.1.bias": {"_type": "histogram",