{"loss": -0.8452494144439697, "_runtime": 7, "_timestamp": 1642577003, "_step": 1, "test_loss": -0.8236783419767671}