{"loss": -0.925000011920929, "_runtime": 208, "_timestamp": 1642575876, "_step": 47, "gradients/net.5.bias": {"_type": "histogram", "values": [1.0, 0.0, 0.0, 0.0, 0.0, 0.0, 0.0, 0.0, 0.0, 0.0, 0.0, 0.0, 0.0, 0.0, 0.0, 0.0, 0.0, 0.0, 0.0, 0.0, 0.0, 0.0, 0.0, 0.0, 0.0, 0.0, 0.0, 0.0, 0.0, 0.0, 0.0, 0.0, 8.0, 0.0, 0.0, 0.0, 0.0, 0.0, 0.0, 0.0, 0.0, 0.0, 0.0, 0.0, 0.0, 0.0, 0.0, 0.0, 0.0, 0.0, 0.0, 0.0, 0.0, 0.0, 0.0, 0.0, 0.0, 0.0, 0.0, 0.0, 0.0, 0.0, 0.0, 1.0], "bins": [-1.7656360650492695e-43, -1.7095841264762768e-43, -1.6535321879032841e-43, -1.5974802493302915e-43, -1.5414283107572988e-43, -1.485376372184306e-43, -1.4293244336113134e-43, -1.3732724950383207e-43, -1.317220556465328e-43, -1.2611686178923354e-43, -1.2051166793193427e-43, -1.14906474074635e-43, -1.0930128021733573e-43, -1.0369608636003646e-43, -9.80908925027372e-44, -9.248569864543793e-44, -8.688050478813866e-44, -8.127531093083939e-44, -7.567011707354012e-44, -7.006492321624085e-44, -6.445972935894159e-44, -5.885453550164232e-44, -5.324934164434305e-44, -4.764414778704378e-44, -4.203895392974451e-44, -3.6433760072445244e-44, -3.0828566215145976e-44, -2.5223372357846707e-44, -1.961817850054744e-44, -1.401298464324817e-44, -8.407790785948902e-45, -2.802596928649634e-45, -2.802596928649634e-45, 2.802596928649634e-45, 8.407790785948902e-45, 1.401298464324817e-44, 1.961817850054744e-44, 2.5223372357846707e-44, 3.0828566215145976e-44, 3.6433760072445244e-44, 4.203895392974451e-44, 4.764414778704378e-44, 5.324934164434305e-44, 5.885453550164232e-44, 6.445972935894159e-44, 7.006492321624085e-44, 7.567011707354012e-44, 8.127531093083939e-44, 8.688050478813866e-44, 9.248569864543793e-44, 9.80908925027372e-44, 1.0369608636003646e-43, 1.0930128021733573e-43, 1.14906474074635e-43, 1.2051166793193427e-43, 1.2611686178923354e-43, 1.317220556465328e-43, 1.3732724950383207e-43, 1.4293244336113134e-43, 1.485376372184306e-43, 1.5414283107572988e-43, 1.5974802493302915e-43, 1.6535321879032841e-43, 1.7095841264762768e-43, 1.7656360650492695e-43]}, "gradients/net.5.weight": {"_type": "histogram", "values": [1.0, 1.0, 2.0, 0.0, 1.0, 0.0, 1.0, 2.0, 0.0, 0.0, 2.0, 0.0, 2.0, 1.0, 0.0, 0.0, 3.0, 0.0, 1.0, 1.0, 1.0, 0.0, 1.0, 1.0, 1.0, 3.0, 0.0, 1.0, 0.0, 1.0, 1.0, 36.0, 548.0, 1.0, 1.0, 0.0, 1.0, 0.0, 3.0, 1.0, 1.0, 1.0, 0.0, 1.0, 1.0, 1.0, 0.0, 3.0, 0.0, 0.0, 1.0, 2.0, 0.0, 2.0, 0.0, 0.0, 2.0, 1.0, 0.0, 1.0, 0.0, 2.0, 1.0, 1.0], "bins": [-1.898969613929776e-40, -1.83962462396562e-40, -1.7802796340014638e-40, -1.7209346440373078e-40, -1.6615896540731518e-40, -1.6022446641089958e-40, -1.5428996741448398e-40, -1.4835546841806838e-40, -1.4242096942165278e-40, -1.3648647042523718e-40, -1.3055197142882158e-40, -1.2461747243240598e-40, -1.1868297343599038e-40, -1.1274847443957478e-40, -1.0681397544315918e-40, -1.0087947644674358e-40, -9.494497745032798e-41, -8.901047845391238e-41, -8.307597945749678e-41, -7.714148046108118e-41, -7.120698146466558e-41, -6.527248246824998e-41, -5.933798347183438e-41, -5.340348447541878e-41, -4.746898547900318e-41, -4.153448648258758e-41, -3.559998748617198e-41, -2.9665488489756377e-41, -2.3730989493340777e-41, -1.7796490496925177e-41, -1.1861991500509577e-41, -5.927492504093976e-42, -7.006492321624085e-45, 5.927492504093976e-42, 1.1861991500509577e-41, 1.7796490496925177e-41, 2.3730989493340777e-41, 2.9665488489756377e-41, 3.559998748617198e-41, 4.153448648258758e-41, 4.746898547900318e-41, 5.340348447541878e-41, 5.933798347183438e-41, 6.527248246824998e-41, 7.120698146466558e-41, 7.714148046108118e-41, 8.307597945749678e-41, 8.901047845391238e-41, 9.494497745032798e-41, 1.0087947644674358e-40, 1.0681397544315918e-40, 1.1274847443957478e-40, 1.1868297343599038e-40, 1.2461747243240598e-40, 1.3055197142882158e-40, 1.3648647042523718e-40, 1.4242096942165278e-40, 1.4835546841806838e-40, 1.5428996741448398e-40, 1.6022446641089958e-40, 1.6615896540731518e-40, 1.7209346440373078e-40, 1.7802796340014638e-40, 1.83962462396562e-40, 1.898969613929776e-40]}, "gradients/net.3.bias": {"_type": "histogram", "values": [1.0, 0.0, 0.0, 1.0, 0.0, 1.0, 0.0, 0.0, 1.0, 1.0, 3.0, 1.0, 1.0, 1.0, 3.0, 0.0, 0.0, 0.0, 1.0, 1.0, 1.0, 0.0, 3.0, 36.0, 0.0, 0.0, 1.0, 0.0, 0.0, 1.0, 0.0, 0.0, 0.0, 0.0, 0.0, 0.0, 0.0, 0.0, 0.0, 0.0, 1.0, 0.0, 0.0, 0.0, 0.0, 0.0, 0.0, 2.0, 0.0, 0.0, 0.0, 0.0, 0.0, 0.0, 0.0, 0.0, 1.0, 0.0, 0.0, 0.0, 0.0, 0.0, 1.0, 1.0], "bins": [-4.512181055125911e-43, -4.3159992701204366e-43, -4.119817485114962e-43, -3.923635700109488e-43, -3.7274539151040134e-43, -3.531272130098539e-43, -3.3350903450930646e-43, -3.1389085600875902e-43, -2.942726775082116e-43, -2.7465449900766415e-43, -2.550363205071167e-43, -2.3541814200656927e-43, -2.1579996350602183e-43, -1.961817850054744e-43, -1.7656360650492695e-43, -1.5694542800437951e-43, -1.3732724950383207e-43, -1.1770907100328463e-43, -9.80908925027372e-44, -7.847271400218976e-44, -5.885453550164232e-44, -3.923635700109488e-44, -1.961817850054744e-44, 0.0, 1.961817850054744e-44, 3.923635700109488e-44, 5.885453550164232e-44, 7.847271400218976e-44, 9.80908925027372e-44, 1.1770907100328463e-43, 1.3732724950383207e-43, 1.5694542800437951e-43, 1.5414283107572988e-43, 1.7376100957627732e-43, 1.9337918807682476e-43, 2.129973665773722e-43, 2.3261554507791963e-43, 2.5223372357846707e-43, 2.718519020790145e-43, 2.9147008057956195e-43, 3.110882590801094e-43, 3.3070643758065683e-43, 3.5032461608120427e-43, 3.699427945817517e-43, 3.8956097308229915e-43, 4.091791515828466e-43, 4.28797330083394e-43, 4.484155085839415e-43, 4.680336870844889e-43, 4.8765186558503634e-43, 5.072700440855838e-43, 5.268882225861312e-43, 5.4650640108667866e-43, 5.661245795872261e-43, 5.857427580877735e-43, 6.05360936588321e-43, 6.249791150888684e-43, 6.4459729358941585e-43, 6.642154720899633e-43, 6.838336505905107e-43, 7.034518290910582e-43, 7.230700075916056e-43, 7.42688186092153e-43, 7.623063645927005e-43, 7.81924543093248e-43]}, "gradients/net.3.weight": {"_type": "histogram", "values": [1.0, 0.0, 1.0, 2.0, 2.0, 4.0, 1.0, 4.0, 7.0, 6.0, 8.0, 12.0, 19.0, 24.0, 26.0, 39.0, 39.0, 61.0, 70.0, 102.0, 150.0, 182.0, 343.0, 14781.0, 110.0, 54.0, 40.0, 35.0, 26.0, 33.0, 19.0, 20.0, 19.0, 21.0, 13.0, 8.0, 12.0, 5.0, 14.0, 9.0, 4.0, 3.0, 9.0, 5.0, 5.0, 3.0, 2.0, 4.0, 5.0, 3.0, 2.0, 0.0, 1.0, 1.0, 5.0, 2.0, 3.0, 0.0, 1.0, 1.0, 1.0, 0.0, 1.0, 1.0], "bins": [-3.404454619077143e-41, -3.2591399683266595e-41, -3.113825317576176e-41, -2.9685106668256925e-41, -2.823196016075209e-41, -2.6778813653247254e-41, -2.532566714574242e-41, -2.3872520638237584e-41, -2.2419374130732748e-41, -2.0966227623227913e-41, -1.9513081115723078e-41, -1.8059934608218242e-41, -1.6606788100713407e-41, -1.5153641593208572e-41, -1.3700495085703737e-41, -1.22473485781989e-41, -1.0794202070694066e-41, -9.34105556318923e-42, -7.887909055684395e-42, -6.43476254817956e-42, -4.981616040674725e-42, -3.5284695331698894e-42, -2.075323025665054e-42, -6.221765181602188e-43, 8.309699893446165e-43, 2.2841164968494518e-42, 3.737263004354287e-42, 5.1904095118591224e-42, 6.643556019363958e-42, 8.096702526868793e-42, 9.549849034373628e-42, 1.1002995541878464e-41, 1.2495378406384394e-41, 1.394852491388923e-41, 1.5401671421394064e-41, 1.68548179288989e-41, 1.8307964436403735e-41, 1.976111094390857e-41, 2.1214257451413406e-41, 2.266740395891824e-41, 2.4120550466423076e-41, 2.557369697392791e-41, 2.7026843481432747e-41, 2.847998998893758e-41, 2.993313649644242e-41, 3.1386283003947253e-41, 3.283942951145209e-41, 3.4292576018956923e-41, 3.574572252646176e-41, 3.7198869033966594e-41, 3.865201554147143e-41, 4.0105162048976265e-41, 4.15583085564811e-41, 4.3011455063985935e-41, 4.446460157149077e-41, 4.591774807899561e-41, 4.737089458650044e-41, 4.882404109400528e-41, 5.027718760151011e-41, 5.173033410901495e-41, 5.318348061651978e-41, 5.463662712402462e-41, 5.608977363152945e-41, 5.754292013903429e-41, 5.899606664653912e-41]}, "gradients/net.1.bias": {"_type": "histogram",