{"test_loss": -0.9665498353108526, "_runtime": 440, "_timestamp": 1642621475, "_step": 159, "loss": -0.9804026484489441, "train_accuracy": 97.65999603271484, "test_accuracy": 96.66999816894531, "gradients/net.5.bias": {"_type": "histogram", "values": [1.0, 0.0, 0.0, 0.0, 0.0, 0.0, 0.0, 0.0, 0.0, 0.0, 0.0, 0.0, 0.0, 0.0, 0.0, 0.0, 0.0, 0.0, 0.0, 0.0, 0.0, 0.0, 0.0, 1.0, 0.0, 0.0, 0.0, 0.0, 1.0, 5.0, 0.0, 0.0, 0.0, 1.0, 0.0, 0.0, 0.0, 0.0, 0.0, 0.0, 0.0, 0.0, 0.0, 0.0, 0.0, 0.0, 0.0, 0.0, 0.0, 0.0, 0.0, 0.0, 0.0, 0.0, 0.0, 0.0, 0.0, 0.0, 0.0, 0.0, 0.0, 0.0, 0.0, 1.0], "bins": [-5.6861870689317584e-05, -5.494748620549217e-05, -5.303310172166675e-05, -5.111871723784134e-05, -4.920433275401592e-05, -4.728994827019051e-05, -4.537556378636509e-05, -4.3461179302539676e-05, -4.154679481871426e-05, -3.9632410334888846e-05, -3.771802585106343e-05, -3.5803641367238015e-05, -3.38892568834126e-05, -3.1974872399587184e-05, -3.006048791576177e-05, -2.8146103431936353e-05, -2.6231718948110938e-05, -2.4317334464285523e-05, -2.2402949980460107e-05, -2.0488565496634692e-05, -1.8574181012809277e-05, -1.665979652898386e-05, -1.4745412045158446e-05, -1.283102756133303e-05, -1.0916643077507615e-05, -9.0022585936822e-06, -7.087874109856784e-06, -5.173489626031369e-06, -3.2591051422059536e-06, -1.3447206583805382e-06, 5.696638254448771e-07, 2.4840483092702925e-06, 4.398425517138094e-06, 6.312810000963509e-06, 8.227194484788924e-06, 1.014157896861434e-05, 1.2055963452439755e-05, 1.397034793626517e-05, 1.5884732420090586e-05, 1.7799116903916e-05, 1.9713501387741417e-05, 2.1627885871566832e-05, 2.3542270355392247e-05, 2.5456654839217663e-05, 2.7371039323043078e-05, 2.9285423806868494e-05, 3.119980829069391e-05, 3.3114192774519324e-05, 3.502857725834474e-05, 3.6942961742170155e-05, 3.885734622599557e-05, 4.0771730709820986e-05, 4.26861151936464e-05, 4.4600499677471817e-05, 4.651488416129723e-05, 4.842926864512265e-05, 5.034365312894806e-05, 5.225803761277348e-05, 5.4172422096598893e-05, 5.608680658042431e-05, 5.8001191064249724e-05, 5.991557554807514e-05, 6.182996003190055e-05, 6.374434451572597e-05, 6.565872899955139e-05]}, "gradients/net.5.weight": {"_type": "histogram", "values": [1.0, 0.0, 0.0, 0.0, 0.0, 0.0, 1.0, 0.0, 1.0, 0.0, 1.0, 0.0, 3.0, 0.0, 0.0, 1.0, 0.0, 1.0, 2.0, 0.0, 2.0, 3.0, 2.0, 0.0, 3.0, 4.0, 1.0, 0.0, 4.0, 3.0, 2.0, 3.0, 2.0, 3.0, 2.0, 3.0, 28.0, 496.0, 14.0, 6.0, 7.0, 4.0, 1.0, 3.0, 1.0, 4.0, 1.0, 0.0, 1.0, 4.0, 4.0, 3.0, 1.0, 1.0, 1.0, 1.0, 1.0, 2.0, 1.0, 1.0, 2.0, 2.0, 1.0, 1.0], "bins": [-0.007608060259371996, -0.007404092233628035, -0.007200123742222786, -0.006996155716478825, -0.006792187690734863, -0.006588219664990902, -0.006384251639246941, -0.006180283147841692, -0.005976315122097731, -0.005772347096353769, -0.005568378604948521, -0.005364410579204559, -0.005160442553460598, -0.004956474527716637, -0.004752506501972675, -0.004548538010567427, -0.004344569984823465, -0.004140601959079504, -0.003936633467674255, -0.003732665441930294, -0.0035286974161863327, -0.0033247293904423714, -0.0031207611318677664, -0.0029167928732931614, -0.0027128248475492, -0.0025088568218052387, -0.0023048885632306337, -0.0021009203046560287, -0.0018969522789120674, -0.0016929841367527843, -0.001489015994593501, -0.001285047852434218, -0.001081080175936222, -0.0008771120337769389, -0.0006731438916176558, -0.0004691757494583726, -0.00026520760729908943, -6.123946513980627e-05, 0.0001427286770194769, 0.00034669681917876005, 0.0005506649613380432, 0.0007546331034973264, 0.0009586012456566095, 0.0011625693878158927, 0.0013665375299751759, 0.001570505672134459, 0.0017744738142937422, 0.001978442072868347, 0.0021824100986123085, 0.00238637812435627, 0.002590346382930875, 0.00279431464150548, 0.002998282667249441, 0.0032022506929934025, 0.0034062189515680075, 0.0036101872101426125, 0.003814155235886574, 0.004018123261630535, 0.0042220912873744965, 0.004426059778779745, 0.0046300278045237064, 0.004833995830267668, 0.005037964321672916, 0.005241932347416878, 0.005445900373160839]}, "gradients/net.3.bias": {"_type": "histogram", "values": [1.0, 0.0, 0.0, 0.0, 0.0, 0.0, 0.0, 0.0, 0.0, 0.0, 0.0, 1.0, 0.0, 0.0, 1.0, 1.0, 0.0, 0.0, 1.0, 0.0, 1.0, 0.0, 1.0, 0.0, 1.0, 0.0, 0.0, 1.0, 2.0, 1.0, 0.0, 1.0, 2.0, 0.0, 0.0, 2.0, 6.0, 10.0, 3.0, 3.0, 1.0, 0.0, 3.0, 2.0, 0.0, 2.0, 3.0, 0.0, 0.0, 3.0, 2.0, 1.0, 0.0, 3.0, 0.0, 0.0, 1.0, 2.0, 0.0, 0.0, 0.0, 0.0, 0.0, 2.0], "bins": [-0.00012748398876283318, -0.0001240642013726756, -0.0001206444067065604, -0.00011722461931640282, -0.00011380482465028763, -0.00011038503726013005, -0.00010696524986997247, -0.00010354545520385727, -0.00010012566781369969, -9.670588042354211e-05, -9.328608575742692e-05, -8.986629836726934e-05, -8.644651097711176e-05, -8.302671631099656e-05, -7.960692892083898e-05, -7.618713425472379e-05, -7.276734686456621e-05, -6.934755947440863e-05, -6.592776480829343e-05, -6.250797741813585e-05, -5.9088186389999464e-05, -5.566839536186308e-05, -5.2248607971705496e-05, -4.882881694356911e-05, -4.540902591543272e-05, -4.1989234887296334e-05, -3.8569443859159946e-05, -3.5149656469002366e-05, -3.172986544086598e-05, -2.831007441272959e-05, -2.4890285203582607e-05, -2.1470495994435623e-05, -1.805069769034162e-05, -1.4630907571699936e-05, -1.121111745305825e-05, -7.791327334416565e-06, -4.371537215774879e-06, -9.517470971331932e-07, 2.4680430215084925e-06, 5.887833140150178e-06, 9.307623258791864e-06, 1.272741337743355e-05, 1.6147203496075235e-05, 1.956699270522222e-05, 2.2986783733358607e-05, 2.6406574761494994e-05, 2.9826363970641978e-05, 3.324615317978896e-05, 3.666594420792535e-05, 4.008573523606174e-05, 4.3505526264198124e-05, 4.6925313654355705e-05, 5.034510468249209e-05, 5.376489571062848e-05, 5.718468310078606e-05, 6.060447412892245e-05, 6.402426515705884e-05, 6.744405254721642e-05, 7.086384721333161e-05, 7.428363460348919e-05, 7.770342926960438e-05, 8.112321665976197e-05, 8.454300404991955e-05, 8.796279871603474e-05, 9.138258610619232e-05]}, "gradients/net.3.weight": {"_type": "histogram", "values": [1.0, 2.0, 0.0, 0.0, 1.0, 0.0, 0.0, 0.0, 2.0, 1.0, 0.0, 0.0, 4.0, 1.0, 2.0, 6.0, 1.0, 3.0, 3.0, 3.0, 4.0, 4.0, 7.0, 11.0, 10.0, 15.0, 18.0, 22.0, 32.0, 31.0, 34.0, 68.0, 82.0, 147.0, 255.0, 3797.0, 10608.0, 378.0, 234.0, 136.0, 107.0, 80.0, 73.0, 42.0, 33.0, 25.0, 16.0, 14.0, 9.0, 16.0, 9.0, 11.0, 4.0, 4.0, 5.0, 2.0, 2.0, 2.0, 1.0, 2.0, 1.0, 2.0, 0.0, 1.0], "bins": [-0.002169316867366433, -0.0021091531962156296, -0.0020489892922341824, -0.001988825621083379, -0.0019286618335172534, -0.001868498045951128, -0.0018083343748003244, -0.001748170587234199, -0.0016880067996680737, -0.0016278430121019483, -0.0015676792245358229, -0.0015075155533850193, -0.001447351765818894, -0.0013871879782527685, -0.001327024307101965, -0.0012668605195358396, -0.0012066967319697142, -0.0011465329444035888, -0.0010863691568374634, -0.0010262054856866598, -0.0009660416981205344, -0.000905877910554409, -0.0008457141811959445, -0.0007855504518374801, -0.0007253866642713547, -0.0006652228767052293, -0.0006050591473467648, -0.0005448954179883003, -0.00048473163042217493, -0.00042456787195988, -0.00036440411349758506, -0.0003042403550352901, -0.00024407659657299519, -0.00018391283811070025, -0.0001237490796484053, -6.358532118611038e-05, -3.421562723815441e-06, 5.6742195738479495e-05, 0.00011690595420077443, 0.00017706971266306937, 0.0002372334711253643, 0.00029739722958765924, 0.0003575609880499542, 0.0004177247465122491, 0.00047788850497454405, 0.0005380522925406694, 0.0005982160218991339, 0.0006583797512575984, 0.0007185435388237238, 0.0007787073263898492, 0.0008388710557483137, 0.0008990347851067781, 0.0009591985726729035, 0.001019362360239029, 0.0010795260313898325, 0.0011396898189559579, 0.0011998536065220833, 0.0012600173940882087, 0.001320181181654334, 0.0013803448528051376, 0.001440508640371263, 0.0015006724279373884, 0.001560836099088192, 0.0016209998866543174, 0.0016811636742204428]}, "gradients/net.1.bias": {"_type": "histogram",