{"test_loss": -0.9695613872224953, "_runtime": 447, "_timestamp": 1642621007, "_step": 171, "loss": -0.9770097732543945, "train_accuracy": 97.8133316040039, "test_accuracy": 96.94999694824219, "gradients/net.5.bias": {"_type": "histogram", "values": [1.0, 0.0, 0.0, 0.0, 0.0, 0.0, 0.0, 0.0, 0.0, 0.0, 0.0, 0.0, 0.0, 0.0, 1.0, 0.0, 0.0, 0.0, 0.0, 0.0, 0.0, 0.0, 0.0, 0.0, 0.0, 0.0, 0.0, 0.0, 0.0, 0.0, 0.0, 1.0, 5.0, 0.0, 0.0, 0.0, 0.0, 0.0, 0.0, 0.0, 0.0, 0.0, 0.0, 0.0, 0.0, 0.0, 0.0, 0.0, 0.0, 1.0, 0.0, 0.0, 0.0, 0.0, 0.0, 0.0, 0.0, 0.0, 0.0, 0.0, 0.0, 0.0, 0.0, 1.0], "bins": [-2.7988504371023737e-05, -2.7115724151371978e-05, -2.624294393172022e-05, -2.537016371206846e-05, -2.4497383492416702e-05, -2.3624603272764944e-05, -2.275182123412378e-05, -2.1879041014472023e-05, -2.1006260794820264e-05, -2.0133480575168505e-05, -1.9260700355516747e-05, -1.8387920135864988e-05, -1.751513991621323e-05, -1.664235969656147e-05, -1.576957765792031e-05, -1.4896798347763252e-05, -1.4024018128111493e-05, -1.3151237908459734e-05, -1.2278457688807976e-05, -1.1405676559661515e-05, -1.0532896340009756e-05, -9.660116120357998e-06, -8.787335900706239e-06, -7.91455568105448e-06, -7.041775461402722e-06, -6.168995241750963e-06, -5.2962145673518535e-06, -4.423434347700095e-06, -3.5506539006746607e-06, -2.6778734536492266e-06, -1.8050931203106302e-06, -9.323127301286149e-07, -5.953188519924879e-08, 8.132485049827665e-07, 1.6860288951647817e-06, 2.558809228503378e-06, 3.4315896755288122e-06, 4.304370122554246e-06, 5.177150342206005e-06, 6.0499310166051146e-06, 6.922711691004224e-06, 7.795491910655983e-06, 8.668272130307741e-06, 9.541053259454202e-06, 1.041383347910596e-05, 1.128661369875772e-05, 1.2159393918409478e-05, 1.3032174138061237e-05, 1.3904954357712995e-05, 1.4777734577364754e-05, 1.5650515706511214e-05, 1.6523295926162973e-05, 1.7396076145814732e-05, 1.826885636546649e-05, 1.914163658511825e-05, 2.0014416804770008e-05, 2.0887197024421766e-05, 2.1759977244073525e-05, 2.2632757463725284e-05, 2.3505537683377042e-05, 2.43783179030288e-05, 2.525109812268056e-05, 2.6123880161321722e-05, 2.699666038097348e-05, 2.786944060062524e-05]}, "gradients/net.5.weight": {"_type": "histogram", "values": [1.0, 0.0, 0.0, 0.0, 0.0, 0.0, 1.0, 0.0, 0.0, 0.0, 0.0, 3.0, 0.0, 1.0, 0.0, 1.0, 1.0, 0.0, 1.0, 1.0, 1.0, 3.0, 3.0, 2.0, 3.0, 4.0, 4.0, 4.0, 4.0, 5.0, 4.0, 53.0, 492.0, 5.0, 5.0, 1.0, 7.0, 3.0, 5.0, 3.0, 2.0, 2.0, 3.0, 2.0, 1.0, 0.0, 1.0, 1.0, 1.0, 0.0, 1.0, 0.0, 3.0, 0.0, 0.0, 0.0, 0.0, 1.0, 0.0, 0.0, 0.0, 0.0, 0.0, 1.0], "bins": [-0.0028806463815271854, -0.002790798433125019, -0.0027009504847228527, -0.0026111025363206863, -0.00252125458791852, -0.0024314066395163536, -0.0023415586911141872, -0.002251710742712021, -0.0021618627943098545, -0.002072014845907688, -0.0019821668975055218, -0.0018923189491033554, -0.001802471000701189, -0.0017126231687143445, -0.0016227752203121781, -0.0015329272719100118, -0.0014430794399231672, -0.0013532314915210009, -0.0012633835431188345, -0.0011735355947166681, -0.0010836876463145018, -0.0009938398143276572, -0.0009039918659254909, -0.0008141439175233245, -0.00072429608553648, -0.0006344481371343136, -0.0005446001887321472, -0.00045475229853764176, -0.0003649043501354754, -0.00027505640173330903, -0.00018520848243497312, -9.536054858472198e-05, -5.5122654885053635e-06, 8.433566836174577e-05, 0.0001741836022119969, 0.0002640315215103328, 0.0003538794699124992, 0.00044372741831466556, 0.000533575308509171, 0.0006234232569113374, 0.0007132713217288256, 0.0008031192701309919, 0.0008929672185331583, 0.0009828151669353247, 0.001072663115337491, 0.0011625109473243356, 0.001252358895726502, 0.0013422068441286683, 0.0014320546761155128, 0.0015219026245176792, 0.0016117505729198456, 0.001701598521322012, 0.0017914464697241783, 0.0018812943017110229, 0.001971142366528511, 0.0020609903149306774, 0.0021508382633328438, 0.00224068621173501, 0.0023305341601371765, 0.002420382108539343, 0.0025102300569415092, 0.0026000780053436756, 0.002689925953745842, 0.0027797739021480083, 0.002869621617719531]}, "gradients/net.3.bias": {"_type": "histogram", "values": [1.0, 0.0, 0.0, 0.0, 0.0, 0.0, 0.0, 2.0, 0.0, 0.0, 0.0, 0.0, 1.0, 0.0, 0.0, 0.0, 0.0, 1.0, 1.0, 1.0, 4.0, 2.0, 0.0, 1.0, 1.0, 0.0, 3.0, 9.0, 21.0, 1.0, 1.0, 3.0, 1.0, 1.0, 2.0, 1.0, 0.0, 1.0, 0.0, 0.0, 0.0, 0.0, 1.0, 0.0, 1.0, 0.0, 0.0, 1.0, 0.0, 0.0, 0.0, 0.0, 0.0, 0.0, 0.0, 0.0, 0.0, 0.0, 0.0, 1.0, 0.0, 0.0, 0.0, 1.0], "bins": [-5.3007905080448836e-05, -5.1119845011271536e-05, -4.923178494209424e-05, -4.7343728510895744e-05, -4.5455668441718444e-05, -4.3567608372541144e-05, -4.1679548303363845e-05, -3.979149187216535e-05, -3.790343180298805e-05, -3.601537173381075e-05, -3.412731166463345e-05, -3.223925523343496e-05, -3.035119516425766e-05, -2.846313509508036e-05, -2.6575076844892465e-05, -2.4687016775715165e-05, -2.2798956706537865e-05, -2.0910896637360565e-05, -1.902283838717267e-05, -1.713477831799537e-05, -1.5246720067807473e-05, -1.3358659998630174e-05, -1.1470600838947576e-05, -9.582541679264978e-06, -7.694481610087678e-06, -5.80642245040508e-06, -3.918363290722482e-06, -2.030303676292533e-06, -1.422445166099351e-07, 1.7458147567595006e-06, 3.6338740301289363e-06, 5.52193341718521e-06, 7.409991667373106e-06, 9.298050827055704e-06, 1.1186109986738302e-05, 1.30741691464209e-05, 1.4962228306103498e-05, 1.6850288375280797e-05, 1.8738346625468694e-05, 2.0626406694645993e-05, 2.251446494483389e-05, 2.440252501401119e-05, 2.6290583264199086e-05, 2.8178643333376385e-05, 3.006670158356428e-05, 3.195476165274158e-05, 3.384282172191888e-05, 3.5730878153117374e-05, 3.761894186027348e-05, 3.950700192945078e-05, 4.139506199862808e-05, 4.328311842982657e-05, 4.517117849900387e-05, 4.705923856818117e-05, 4.894729863735847e-05, 5.0835355068556964e-05, 5.2723415137734264e-05, 5.4611475206911564e-05, 5.6499535276088864e-05, 5.8387591707287356e-05, 6.0275651776464656e-05, 6.216370820766315e-05, 6.405176827684045e-05, 6.593982834601775e-05, 6.782788841519505e-05]}, "gradients/net.3.weight": {"_type": "histogram", "values": [1.0, 0.0, 0.0, 3.0, 0.0, 0.0, 1.0, 0.0, 4.0, 0.0, 1.0, 6.0, 2.0, 2.0, 3.0, 5.0, 3.0, 9.0, 2.0, 4.0, 12.0, 8.0, 18.0, 31.0, 25.0, 46.0, 56.0, 78.0, 136.0, 173.0, 814.0, 14222.0, 243.0, 150.0, 93.0, 51.0, 37.0, 23.0, 28.0, 19.0, 12.0, 13.0, 5.0, 5.0, 5.0, 5.0, 2.0, 4.0, 1.0, 2.0, 2.0, 1.0, 5.0, 0.0, 3.0, 1.0, 2.0, 1.0, 1.0, 3.0, 0.0, 0.0, 0.0, 2.0], "bins": [-0.0008275701547972858, -0.0008009955054149032, -0.0007744209142401814, -0.0007478463230654597, -0.0007212716736830771, -0.0006946970243006945, -0.0006681224331259727, -0.000641547841951251, -0.0006149731925688684, -0.0005883985431864858, -0.000561823952011764, -0.0005352493608370423, -0.0005086747114546597, -0.0004821000911761075, -0.00045552547089755535, -0.0004289508506190032, -0.000402376230340451, -0.00037580161006189883, -0.00034922698978334665, -0.0003226523695047945, -0.0002960777492262423, -0.00026950312894769013, -0.00024292850866913795, -0.00021635388839058578, -0.0001897792681120336, -0.00016320464783348143, -0.00013663002755492926, -0.00011005540727637708, -8.348078699782491e-05, -5.690616671927273e-05, -3.0331546440720558e-05, -3.7569261621683836e-06, 2.2817635908722878e-05, 4.939225618727505e-05, 7.596687646582723e-05, 0.0001025414967443794, 0.00012911611702293158, 0.00015569073730148375, 0.00018226535758003592, 0.0002088399778585881, 0.00023541459813714027, 0.00026198921841569245, 0.0002885638386942446, 0.0003151384589727968, 0.00034171307925134897, 0.00036828769952990115, 0.0003948623198084533, 0.0004214369400870055, 0.00044801156036555767, 0.00047458618064410985, 0.000501160800922662, 0.0005277354503050447, 0.0005543100414797664, 0.0005808846326544881, 0.0006074592820368707, 0.0006340339314192533, 0.0006606085225939751, 0.0006871831137686968, 0.0007137577631510794, 0.000740332412533462, 0.0007669070037081838, 0.0007934815948829055, 0.0008200562442652881, 0.0008466308936476707, 0.0008732054848223925]},