{"loss": -0.9714367389678955, "_runtime": 89, "_timestamp": 1642620555, "_step": 33, "test_loss": -0.9621807526467968}